{
  "TEDS": {
    "bins": [
      0.0,
      0.05,
      0.1,
      0.15000000000000002,
      0.2,
      0.25,
      0.30000000000000004,
      0.35000000000000003,
      0.4,
      0.45,
      0.5,
      0.55,
      0.6000000000000001,
      0.65,
      0.7000000000000001,
      0.75,
      0.8,
      0.8500000000000001,
      0.9,
      0.9500000000000001,
      1.0
    ],
    "hist": [
      0.0,
      0.0,
      0.0,
      0.0,
      0.0,
      0.0,
      0.0,
      0.0,
      1.0,
      0.0,
      1.0,
      1.0,
      1.0,
      0.0,
      6.0,
      6.0,
      7.0,
      15.0,
      8.0,
      5.0
    ],
    "mean": 0.8315098039215686,
    "median": 0.861,
    "std": 0.11816401695085008,
    "total": 51
  },
  "TEDS_complex": {
    "bins": [
      0.0,
      0.05,
      0.1,
      0.15000000000000002,
      0.2,
      0.25,
      0.30000000000000004,
      0.35000000000000003,
      0.4,
      0.45,
      0.5,
      0.55,
      0.6000000000000001,
      0.65,
      0.7000000000000001,
      0.75,
      0.8,
      0.8500000000000001,
      0.9,
      0.9500000000000001,
      1.0
    ],
    "hist": [
      0.0,
      0.0,
      0.0,
      0.0,
      0.0,
      0.0,
      0.0,
      0.0,
      0.0,
      0.0,
      0.0,
      0.0,
      1.0,
      0.0,
      0.0,
      0.0,
      2.0,
      3.0,
      0.0,
      1.0
    ],
    "mean": 0.8462857142857143,
    "median": 0.874,
    "std": 0.11662291696705568,
    "total": 7
  },
  "TEDS_simple": {
    "bins": [
      0.0,
      0.05,
      0.1,
      0.15000000000000002,
      0.2,
      0.25,
      0.30000000000000004,
      0.35000000000000003,
      0.4,
      0.45,
      0.5,
      0.55,
      0.6000000000000001,
      0.65,
      0.7000000000000001,
      0.75,
      0.8,
      0.8500000000000001,
      0.9,
      0.9500000000000001,
      1.0
    ],
    "hist": [
      0.0,
      0.0,
      0.0,
      0.0,
      0.0,
      0.0,
      0.0,
      0.0,
      1.0,
      0.0,
      1.0,
      1.0,
      0.0,
      0.0,
      6.0,
      6.0,
      5.0,
      12.0,
      8.0,
      4.0
    ],
    "mean": 0.8291590909090909,
    "median": 0.859,
    "std": 0.119568982363071,
    "total": 44
  },
  "TEDS_struct": {
    "bins": [
      0.0,
      0.05,
      0.1,
      0.15000000000000002,
      0.2,
      0.25,
      0.30000000000000004,
      0.35000000000000003,
      0.4,
      0.45,
      0.5,
      0.55,
      0.6000000000000001,
      0.65,
      0.7000000000000001,
      0.75,
      0.8,
      0.8500000000000001,
      0.9,
      0.9500000000000001,
      1.0
    ],
    "hist": [
      0.0,
      0.0,
      0.0,
      0.0,
      0.0,
      0.0,
      0.0,
      0.0,
      1.0,
      0.0,
      0.0,
      0.0,
      1.0,
      1.0,
      4.0,
      6.0,
      7.0,
      17.0,
      9.0,
      5.0
    ],
    "mean": 0.8471176470588235,
    "median": 0.871,
    "std": 0.10569534465790319,
    "total": 51
  },
  "evaluations": [
    {
      "TEDS": 0.919,
      "filename": "doc_00f0adaaa8358a28b4b4e83bc97dcd83a01f7283605b140c2be8e8d47bba8b6b_page_000001.png",
      "is_complex": false,
      "pred_ncols": 3,
      "pred_nrows": 9,
      "table_id": 0,
      "true_ncols": 3,
      "true_nrows": 9
    },
    {
      "TEDS": 0.874,
      "filename": "doc_d276ca9a5ecb8d6d11359f515e50c8f78395548de4e3e2c49e38f5500ee40ebe_page_000001.png",
      "is_complex": true,
      "pred_ncols": 7,
      "pred_nrows": 12,
      "table_id": 0,
      "true_ncols": 7,
      "true_nrows": 12
    },
    {
      "TEDS": 0.848,
      "filename": "doc_934fbf534914863f6431eef38f5bf66fa91afd439ddf20fb1af0cf3225159ac1_page_000001.png",
      "is_complex": true,
      "pred_ncols": 7,
      "pred_nrows": 10,
      "table_id": 0,
      "true_ncols": 7,
      "true_nrows": 10
    },
    {
      "TEDS": 0.913,
      "filename": "doc_4682941b1a9a3ec96599d8188b673e8c6d1c4f2a555b5dc0d739c6c706815553_page_000001.png",
      "is_complex": false,
      "pred_ncols": 4,
      "pred_nrows": 9,
      "table_id": 0,
      "true_ncols": 4,
      "true_nrows": 9
    },
    {
      "TEDS": 0.932,
      "filename": "doc_f4dea73d2b75fbc7d590e2085b14e9bee7e766da73e14f723a2580fb0f36c707_page_000001.png",
      "is_complex": false,
      "pred_ncols": 4,
      "pred_nrows": 12,
      "table_id": 0,
      "true_ncols": 4,
      "true_nrows": 12
    },
    {
      "TEDS": 0.933,
      "filename": "doc_0ce1ded16152ad18c45203c1dcba0287235b888266fbcd112396fdf7cd094fab_page_000001.png",
      "is_complex": false,
      "pred_ncols": 4,
      "pred_nrows": 9,
      "table_id": 0,
      "true_ncols": 4,
      "true_nrows": 9
    },
    {
      "TEDS": 0.896,
      "filename": "doc_bdf0e09acee7a07f7e60c6055128967b36b44564842983ad3b0f273f1c1c5914_page_000001.png",
      "is_complex": false,
      "pred_ncols": 3,
      "pred_nrows": 12,
      "table_id": 0,
      "true_ncols": 3,
      "true_nrows": 11
    },
    {
      "TEDS": 0.893,
      "filename": "doc_c4416f86c1db7fee5dccc1a10e85b1aade1cd77803f4ee626a090e8bc26aa9a9_page_000001.png",
      "is_complex": true,
      "pred_ncols": 7,
      "pred_nrows": 10,
      "table_id": 0,
      "true_ncols": 7,
      "true_nrows": 10
    },
    {
      "TEDS": 0.769,
      "filename": "doc_24ab9416df440de9d792a4034e177eb71933a6eed72d4cf1ead17d22a787702f_page_000001.png",
      "is_complex": false,
      "pred_ncols": 3,
      "pred_nrows": 3,
      "table_id": 0,
      "true_ncols": 3,
      "true_nrows": 3
    },
    {
      "TEDS": 0.897,
      "filename": "doc_24ab9416df440de9d792a4034e177eb71933a6eed72d4cf1ead17d22a787702f_page_000001.png",
      "is_complex": false,
      "pred_ncols": 3,
      "pred_nrows": 7,
      "table_id": 1,
      "true_ncols": 3,
      "true_nrows": 7
    },
    {
      "TEDS": 0.889,
      "filename": "doc_0ec2813813e8e7496d97aa4fa15dd414aa66cae2d6f62db818d30d9856ff0439_page_000001.png",
      "is_complex": false,
      "pred_ncols": 4,
      "pred_nrows": 7,
      "table_id": 0,
      "true_ncols": 4,
      "true_nrows": 7
    },
    {
      "TEDS": 0.871,
      "filename": "doc_0ec2813813e8e7496d97aa4fa15dd414aa66cae2d6f62db818d30d9856ff0439_page_000001.png",
      "is_complex": false,
      "pred_ncols": 4,
      "pred_nrows": 6,
      "table_id": 1,
      "true_ncols": 4,
      "true_nrows": 6
    },
    {
      "TEDS": 0.897,
      "filename": "doc_970804c04c81dd9cc3ba80f0063b9551d290e83934c4e2c258e376845b3d180f_page_000001.png",
      "is_complex": false,
      "pred_ncols": 5,
      "pred_nrows": 8,
      "table_id": 0,
      "true_ncols": 5,
      "true_nrows": 8
    },
    {
      "TEDS": 0.857,
      "filename": "doc_970804c04c81dd9cc3ba80f0063b9551d290e83934c4e2c258e376845b3d180f_page_000001.png",
      "is_complex": false,
      "pred_ncols": 4,
      "pred_nrows": 4,
      "table_id": 1,
      "true_ncols": 4,
      "true_nrows": 4
    },
    {
      "TEDS": 0.903,
      "filename": "doc_970804c04c81dd9cc3ba80f0063b9551d290e83934c4e2c258e376845b3d180f_page_000001.png",
      "is_complex": false,
      "pred_ncols": 4,
      "pred_nrows": 6,
      "table_id": 2,
      "true_ncols": 4,
      "true_nrows": 6
    },
    {
      "TEDS": 0.857,
      "filename": "doc_39a0d95abd6dc977dfc7986b57fbbd9a8331af6b5b603e023f41dfcbc67003c7_page_000001.png",
      "is_complex": false,
      "pred_ncols": 4,
      "pred_nrows": 4,
      "table_id": 0,
      "true_ncols": 4,
      "true_nrows": 4
    },
    {
      "TEDS": 0.871,
      "filename": "doc_39a0d95abd6dc977dfc7986b57fbbd9a8331af6b5b603e023f41dfcbc67003c7_page_000001.png",
      "is_complex": false,
      "pred_ncols": 4,
      "pred_nrows": 6,
      "table_id": 1,
      "true_ncols": 4,
      "true_nrows": 6
    },
    {
      "TEDS": 0.865,
      "filename": "doc_1039bce8b948fac48b0b9a42f8266700a104aca355c3681a544d65e6b136b8d5_page_000001.png",
      "is_complex": false,
      "pred_ncols": 5,
      "pred_nrows": 6,
      "table_id": 0,
      "true_ncols": 5,
      "true_nrows": 6
    },
    {
      "TEDS": 0.861,